subject,session_i,session_j,zone_category,pv_corr,day_distance
UT14,Day3,Day4,reward,0.5563691363957695,1.0
UT14,Day3,Day5,reward,0.47763314952196134,2.0
UT14,Day3,Day6,reward,0.6530722413000484,3.0
UT14,Day3,Day7,reward,0.4912824631689116,4.0
UT14,Day3,Day8,reward,0.37561363372964796,5.0
UT14,Day3,Day9,reward,0.42999344242464066,6.0
UT14,Day3,Day10,reward,0.6183771778165843,8.0
UT14,Day3,Day11,reward,0.4156316963359673,9.0
UT14,Day3,Day12,reward,0.658120113509061,10.0
UT14,Day3,Day13,reward,0.7997924084697943,11.0
UT14,Day3,Day14,reward,0.610919849079909,12.0
UT14,Day3,Day15,reward,0.5422234681133161,13.0
UT14,Day3,Day16,reward,0.5530574735293888,14.0
UT14,Day3,Day17,reward,0.25280524651094166,15.0
UT14,Day3,Day18,reward,0.34550364987459337,16.0
UT14,Day3,Day19,reward,0.39776753867250275,17.0
UT14,Day3,Day21,reward,0.5991098185905364,19.0
UT14,Day3,Day22,reward,0.5714580539737971,20.0
UT14,Day4,Day5,reward,0.5884530125648769,1.0
UT14,Day4,Day6,reward,0.5100616245322896,2.0
UT14,Day4,Day7,reward,0.3638417784492972,3.0
UT14,Day4,Day8,reward,0.05337472848401249,4.0
UT14,Day4,Day9,reward,0.25110235968374245,5.0
UT14,Day4,Day10,reward,0.6361682209061273,7.0
UT14,Day4,Day11,reward,0.12992563158085438,8.0
UT14,Day4,Day12,reward,0.4434890520511826,9.0
UT14,Day4,Day13,reward,0.5805566093682911,10.0
UT14,Day4,Day14,reward,0.6587629496488199,11.0
UT14,Day4,Day15,reward,0.7635971632920712,12.0
UT14,Day4,Day16,reward,0.6002657436988798,13.0
UT14,Day4,Day17,reward,0.3224841812509205,14.0
UT14,Day4,Day18,reward,0.7211553951393619,15.0
UT14,Day4,Day19,reward,0.6527695486594884,16.0
UT14,Day4,Day21,reward,0.5962323606034197,18.0
UT14,Day4,Day22,reward,0.6140247131904049,19.0
UT14,Day5,Day6,reward,0.643888523489487,1.0
UT14,Day5,Day7,reward,0.518171026076662,2.0
UT14,Day5,Day8,reward,0.4487911645140252,3.0
UT14,Day5,Day9,reward,0.506114614589856,4.0
UT14,Day5,Day10,reward,0.705606449590107,6.0
UT14,Day5,Day11,reward,0.2758135494227164,7.0
UT14,Day5,Day12,reward,0.7005058097300678,8.0
UT14,Day5,Day13,reward,0.6472808844085493,9.0
UT14,Day5,Day14,reward,0.663951421557953,10.0
UT14,Day5,Day15,reward,0.5410998865660112,11.0
UT14,Day5,Day16,reward,0.5974892609539327,12.0
UT14,Day5,Day17,reward,0.1582752187804461,13.0
UT14,Day5,Day18,reward,0.34172091204279076,14.0
UT14,Day5,Day19,reward,0.3748298672708585,15.0
UT14,Day5,Day21,reward,0.5141012775984414,17.0
UT14,Day5,Day22,reward,0.4282162941998535,18.0
UT14,Day6,Day7,reward,0.8394700396425836,1.0
UT14,Day6,Day8,reward,0.40851044026439653,2.0
UT14,Day6,Day9,reward,0.5038874229967863,3.0
UT14,Day6,Day10,reward,0.8501387691971971,5.0
UT14,Day6,Day11,reward,0.7668179444097255,6.0
UT14,Day6,Day12,reward,0.712757837936064,7.0
UT14,Day6,Day13,reward,0.7411765719891347,8.0
UT14,Day6,Day14,reward,0.6309288253134205,9.0
UT14,Day6,Day15,reward,0.6198613489754423,10.0
UT14,Day6,Day16,reward,0.6004518810312369,11.0
UT14,Day6,Day17,reward,0.14679517144626728,12.0
UT14,Day6,Day18,reward,0.5286521969039277,13.0
UT14,Day6,Day19,reward,0.5007945165500034,14.0
UT14,Day6,Day21,reward,0.6830342896136262,16.0
UT14,Day6,Day22,reward,0.6952981996363047,17.0
UT14,Day7,Day8,reward,0.5625205827283639,1.0
UT14,Day7,Day9,reward,0.5203955606407473,2.0
UT14,Day7,Day10,reward,0.8298148421460467,4.0
UT14,Day7,Day11,reward,0.7013324907241992,5.0
UT14,Day7,Day12,reward,0.7272757480090959,6.0
UT14,Day7,Day13,reward,0.6580940262746601,7.0
UT14,Day7,Day14,reward,0.6441598175963796,8.0
UT14,Day7,Day15,reward,0.6062336303173406,9.0
UT14,Day7,Day16,reward,0.5568223755161801,10.0
UT14,Day7,Day17,reward,0.26065369773727237,11.0
UT14,Day7,Day18,reward,0.5080114879966434,12.0
UT14,Day7,Day19,reward,0.6116176019212671,13.0
UT14,Day7,Day21,reward,0.6430451693381377,15.0
UT14,Day7,Day22,reward,0.8136297450805606,16.0
UT14,Day8,Day9,reward,0.5461320549867358,1.0
UT14,Day8,Day10,reward,0.5879459532041287,3.0
UT14,Day8,Day11,reward,0.3604317720649785,4.0
UT14,Day8,Day12,reward,0.6689680714174998,5.0
UT14,Day8,Day13,reward,0.6330735099628557,6.0
UT14,Day8,Day14,reward,0.34957423814500543,7.0
UT14,Day8,Day15,reward,0.2865281907017117,8.0
UT14,Day8,Day16,reward,0.3718876065850111,9.0
UT14,Day8,Day17,reward,0.4841936873956533,10.0
UT14,Day8,Day18,reward,0.2068106337526859,11.0
UT14,Day8,Day19,reward,0.31627421035351877,12.0
UT14,Day8,Day21,reward,0.4467609800155989,14.0
UT14,Day8,Day22,reward,0.35338390796384905,15.0
UT14,Day9,Day10,reward,0.5737533502800938,2.0
UT14,Day9,Day11,reward,0.45496863363440626,3.0
UT14,Day9,Day12,reward,0.6695116791458814,4.0
UT14,Day9,Day13,reward,0.5415181187091679,5.0
UT14,Day9,Day14,reward,0.4410164972291396,6.0
UT14,Day9,Day15,reward,0.4712967795528291,7.0
UT14,Day9,Day16,reward,0.31872397619728754,8.0
UT14,Day9,Day17,reward,0.2292380641360177,9.0
UT14,Day9,Day18,reward,0.2960034604826685,10.0
UT14,Day9,Day19,reward,0.32955224941228656,11.0
UT14,Day9,Day21,reward,0.5600192887603769,13.0
UT14,Day9,Day22,reward,0.40721684632565897,14.0
UT14,Day10,Day11,reward,0.7680054746258663,1.0
UT14,Day10,Day12,reward,0.8839281963000777,2.0
UT14,Day10,Day13,reward,0.8574832195732957,3.0
UT14,Day10,Day14,reward,0.7428972970886205,4.0
UT14,Day10,Day15,reward,0.8050858330177154,5.0
UT14,Day10,Day16,reward,0.8031654506304107,6.0
UT14,Day10,Day17,reward,0.4995847370707953,7.0
UT14,Day10,Day18,reward,0.7216761026956836,8.0
UT14,Day10,Day19,reward,0.6918083830329304,9.0
UT14,Day10,Day21,reward,0.7475350500660147,11.0
UT14,Day10,Day22,reward,0.8053058380093732,12.0
UT14,Day11,Day12,reward,0.6009298943289698,1.0
UT14,Day11,Day13,reward,0.5947610688813341,2.0
UT14,Day11,Day14,reward,0.6393341862338479,3.0
UT14,Day11,Day15,reward,0.517865934211734,4.0
UT14,Day11,Day16,reward,0.5307706774917931,5.0
UT14,Day11,Day17,reward,0.36434723469460567,6.0
UT14,Day11,Day18,reward,0.5190992183978732,7.0
UT14,Day11,Day19,reward,0.5866685706416229,8.0
UT14,Day11,Day21,reward,0.5842975388940713,10.0
UT14,Day11,Day22,reward,0.554574530341919,11.0
UT14,Day12,Day13,reward,0.8557299807997426,1.0
UT14,Day12,Day14,reward,0.7201044117633129,2.0
UT14,Day12,Day15,reward,0.659252434703008,3.0
UT14,Day12,Day16,reward,0.7393240037831458,4.0
UT14,Day12,Day17,reward,0.6330693913401116,5.0
UT14,Day12,Day18,reward,0.6800913053713479,6.0
UT14,Day12,Day19,reward,0.7276967026639142,7.0
UT14,Day12,Day21,reward,0.6458260878874432,9.0
UT14,Day12,Day22,reward,0.7268497688348309,10.0
UT14,Day13,Day14,reward,0.7620185942483219,1.0
UT14,Day13,Day15,reward,0.6992432415433325,2.0
UT14,Day13,Day16,reward,0.8380229001131231,3.0
UT14,Day13,Day17,reward,0.6107080411830328,4.0
UT14,Day13,Day18,reward,0.7418470215917572,5.0
UT14,Day13,Day19,reward,0.7860367922772796,6.0
UT14,Day13,Day21,reward,0.7301781717995156,8.0
UT14,Day13,Day22,reward,0.6944770999502422,9.0
UT14,Day14,Day15,reward,0.7947151042234293,1.0
UT14,Day14,Day16,reward,0.838129387176201,2.0
UT14,Day14,Day17,reward,0.6420775680539119,3.0
UT14,Day14,Day18,reward,0.8679126099624359,4.0
UT14,Day14,Day19,reward,0.8745860058543287,5.0
UT14,Day14,Day21,reward,0.6354357638865132,7.0
UT14,Day14,Day22,reward,0.6373503192068537,8.0
UT14,Day15,Day16,reward,0.7996168761084841,1.0
UT14,Day15,Day17,reward,0.5419438367695957,2.0
UT14,Day15,Day18,reward,0.8071927496745579,3.0
UT14,Day15,Day19,reward,0.847689492324772,4.0
UT14,Day15,Day21,reward,0.6364023889729368,6.0
UT14,Day15,Day22,reward,0.7106749357881224,7.0
UT14,Day16,Day17,reward,0.6489236085375926,1.0
UT14,Day16,Day18,reward,0.8256339495780042,2.0
UT14,Day16,Day19,reward,0.8147938193267201,3.0
UT14,Day16,Day21,reward,0.47955089240074766,5.0
UT14,Day16,Day22,reward,0.6217408259648639,6.0
UT14,Day17,Day18,reward,0.8129166356811744,1.0
UT14,Day17,Day19,reward,0.730551412215332,2.0
UT14,Day17,Day21,reward,0.19686521438487364,4.0
UT14,Day17,Day22,reward,0.3276362154146894,5.0
UT14,Day18,Day19,reward,0.9157564422900796,1.0
UT14,Day18,Day21,reward,0.4659203533563253,3.0
UT14,Day18,Day22,reward,0.5038411604652359,4.0
UT14,Day19,Day21,reward,0.5319434487957754,2.0
UT14,Day19,Day22,reward,0.6860505732573173,3.0
UT14,Day21,Day22,reward,0.6470067151897451,1.0
UT14,Day3,Day4,choice,0.6115151038506487,1.0
UT14,Day3,Day5,choice,0.5350282667467698,2.0
UT14,Day3,Day6,choice,0.6840452486367048,3.0
UT14,Day3,Day7,choice,0.6094806208994111,4.0
UT14,Day3,Day8,choice,0.45730484761838697,5.0
UT14,Day3,Day9,choice,0.27712709179627915,6.0
UT14,Day3,Day10,choice,0.6012683445953811,8.0
UT14,Day3,Day11,choice,0.41131987696783173,9.0
UT14,Day3,Day12,choice,0.5793092657040729,10.0
UT14,Day3,Day13,choice,0.7768384887780131,11.0
UT14,Day3,Day14,choice,0.601240632212721,12.0
UT14,Day3,Day15,choice,0.4969191705659463,13.0
UT14,Day3,Day16,choice,0.491613924527595,14.0
UT14,Day3,Day17,choice,0.24554563813919386,15.0
UT14,Day3,Day18,choice,0.2680013747361672,16.0
UT14,Day3,Day19,choice,0.28964667714189823,17.0
UT14,Day3,Day21,choice,0.5433722976768148,19.0
UT14,Day3,Day22,choice,0.6596174136584927,20.0
UT14,Day4,Day5,choice,0.6163156587497526,1.0
UT14,Day4,Day6,choice,0.5350279725682352,2.0
UT14,Day4,Day7,choice,0.4434837056833066,3.0
UT14,Day4,Day8,choice,0.08074296951168908,4.0
UT14,Day4,Day9,choice,0.1497273240943747,5.0
UT14,Day4,Day10,choice,0.6392838332182451,7.0
UT14,Day4,Day11,choice,0.22993924935569987,8.0
UT14,Day4,Day12,choice,0.39027527301695486,9.0
UT14,Day4,Day13,choice,0.6035270708349233,10.0
UT14,Day4,Day14,choice,0.6688007859442887,11.0
UT14,Day4,Day15,choice,,12.0
UT14,Day4,Day16,choice,0.5107192005364697,13.0
UT14,Day4,Day17,choice,0.30904923987611566,14.0
UT14,Day4,Day18,choice,0.4402644030916497,15.0
UT14,Day4,Day19,choice,0.40417128308888717,16.0
UT14,Day4,Day21,choice,0.6283596523312296,18.0
UT14,Day4,Day22,choice,0.6437041157170517,19.0
UT14,Day5,Day6,choice,0.7518480902965239,1.0
UT14,Day5,Day7,choice,0.5436246640183441,2.0
UT14,Day5,Day8,choice,0.331941950970901,3.0
UT14,Day5,Day9,choice,0.2591447655592453,4.0
UT14,Day5,Day10,choice,0.7401978954063625,6.0
UT14,Day5,Day11,choice,,7.0
UT14,Day5,Day12,choice,0.6832589953998491,8.0
UT14,Day5,Day13,choice,0.664757373623279,9.0
UT14,Day5,Day14,choice,0.6673303940006277,10.0
UT14,Day5,Day15,choice,,11.0
UT14,Day5,Day16,choice,0.5866474551415539,12.0
UT14,Day5,Day17,choice,,13.0
UT14,Day5,Day18,choice,0.30668577708658046,14.0
UT14,Day5,Day19,choice,0.29944130664167884,15.0
UT14,Day5,Day21,choice,0.49858261715670105,17.0
UT14,Day5,Day22,choice,,18.0
UT14,Day6,Day7,choice,0.803810593964877,1.0
UT14,Day6,Day8,choice,0.4019924066767476,2.0
UT14,Day6,Day9,choice,0.3222228087138022,3.0
UT14,Day6,Day10,choice,0.821871570966601,5.0
UT14,Day6,Day11,choice,0.7472319434803633,6.0
UT14,Day6,Day12,choice,0.6682691204076722,7.0
UT14,Day6,Day13,choice,0.7399646470870402,8.0
UT14,Day6,Day14,choice,0.6098225237953323,9.0
UT14,Day6,Day15,choice,0.5166322693207236,10.0
UT14,Day6,Day16,choice,0.5203431684017613,11.0
UT14,Day6,Day17,choice,0.0665652461644406,12.0
UT14,Day6,Day18,choice,0.32373136775055433,13.0
UT14,Day6,Day19,choice,0.2760104170644287,14.0
UT14,Day6,Day21,choice,0.5648799998688719,16.0
UT14,Day6,Day22,choice,0.6838241114460895,17.0
UT14,Day7,Day8,choice,0.6391568138303135,1.0
UT14,Day7,Day9,choice,0.37277843746276845,2.0
UT14,Day7,Day10,choice,0.8071245680857928,4.0
UT14,Day7,Day11,choice,0.7003995774232846,5.0
UT14,Day7,Day12,choice,0.6495853654114171,6.0
UT14,Day7,Day13,choice,0.684907311888633,7.0
UT14,Day7,Day14,choice,0.6282698106278853,8.0
UT14,Day7,Day15,choice,0.5434633087492219,9.0
UT14,Day7,Day16,choice,0.5539063378041968,10.0
UT14,Day7,Day17,choice,0.2987272161373772,11.0
UT14,Day7,Day18,choice,0.4117797473529429,12.0
UT14,Day7,Day19,choice,0.4671146657477799,13.0
UT14,Day7,Day21,choice,0.623698651835466,15.0
UT14,Day7,Day22,choice,0.7789341599269607,16.0
UT14,Day8,Day9,choice,0.4653567931420151,1.0
UT14,Day8,Day10,choice,0.583843240230331,3.0
UT14,Day8,Day11,choice,0.49842588374913244,4.0
UT14,Day8,Day12,choice,0.6383475272631889,5.0
UT14,Day8,Day13,choice,0.726883800218253,6.0
UT14,Day8,Day14,choice,0.38172864177233723,7.0
UT14,Day8,Day15,choice,,8.0
UT14,Day8,Day16,choice,0.3774656772459794,9.0
UT14,Day8,Day17,choice,0.48979837517943453,10.0
UT14,Day8,Day18,choice,0.23317581927426195,11.0
UT14,Day8,Day19,choice,0.27913905115525534,12.0
UT14,Day8,Day21,choice,0.5658776229421438,14.0
UT14,Day8,Day22,choice,0.4547965290952915,15.0
UT14,Day9,Day10,choice,0.43061378223649305,2.0
UT14,Day9,Day11,choice,0.29342612210199814,3.0
UT14,Day9,Day12,choice,0.6240560092909542,4.0
UT14,Day9,Day13,choice,0.4487906120881337,5.0
UT14,Day9,Day14,choice,0.24527402244345212,6.0
UT14,Day9,Day15,choice,0.37001769197721096,7.0
UT14,Day9,Day16,choice,0.1838531938379136,8.0
UT14,Day9,Day17,choice,0.17705516289211817,9.0
UT14,Day9,Day18,choice,0.10946787611774783,10.0
UT14,Day9,Day19,choice,0.1323609231370905,11.0
UT14,Day9,Day21,choice,0.44857393432537035,13.0
UT14,Day9,Day22,choice,0.2925693148222662,14.0
UT14,Day10,Day11,choice,0.771275967485104,1.0
UT14,Day10,Day12,choice,0.8522079315884948,2.0
UT14,Day10,Day13,choice,0.8510810147074018,3.0
UT14,Day10,Day14,choice,0.6988355122654294,4.0
UT14,Day10,Day15,choice,0.7278529932459064,5.0
UT14,Day10,Day16,choice,0.7009240500733876,6.0
UT14,Day10,Day17,choice,0.4285525399689403,7.0
UT14,Day10,Day18,choice,0.5304386230942049,8.0
UT14,Day10,Day19,choice,0.5005928742470771,9.0
UT14,Day10,Day21,choice,0.7049299223444668,11.0
UT14,Day10,Day22,choice,0.7804948255865533,12.0
UT14,Day11,Day12,choice,0.6412178249721717,1.0
UT14,Day11,Day13,choice,0.6596461798753755,2.0
UT14,Day11,Day14,choice,0.6907070092546002,3.0
UT14,Day11,Day15,choice,,4.0
UT14,Day11,Day16,choice,0.5521371542651835,5.0
UT14,Day11,Day17,choice,,6.0
UT14,Day11,Day18,choice,0.5163233234766027,7.0
UT14,Day11,Day19,choice,0.5159933981709726,8.0
UT14,Day11,Day21,choice,0.5541680644552005,10.0
UT14,Day11,Day22,choice,0.5906044550309291,11.0
UT14,Day12,Day13,choice,0.8206862303774617,1.0
UT14,Day12,Day14,choice,0.64958449485666,2.0
UT14,Day12,Day15,choice,0.6987702919213722,3.0
UT14,Day12,Day16,choice,0.7433140287748926,4.0
UT14,Day12,Day17,choice,0.6160150680586255,5.0
UT14,Day12,Day18,choice,0.7293653061897403,6.0
UT14,Day12,Day19,choice,0.7301901963361362,7.0
UT14,Day12,Day21,choice,0.576344698371139,9.0
UT14,Day12,Day22,choice,0.6750333154663394,10.0
UT14,Day13,Day14,choice,0.7844571194689275,1.0
UT14,Day13,Day15,choice,,2.0
UT14,Day13,Day16,choice,0.8843407533900081,3.0
UT14,Day13,Day17,choice,0.6110256557068128,4.0
UT14,Day13,Day18,choice,0.812698553523509,5.0
UT14,Day13,Day19,choice,0.828441988329335,6.0
UT14,Day13,Day21,choice,0.7532364583618018,8.0
UT14,Day13,Day22,choice,0.7440901925486728,9.0
UT14,Day14,Day15,choice,0.8277663704853682,1.0
UT14,Day14,Day16,choice,0.8680547254698487,2.0
UT14,Day14,Day17,choice,0.666141192086387,3.0
UT14,Day14,Day18,choice,0.8412856194495533,4.0
UT14,Day14,Day19,choice,0.8305177834943048,5.0
UT14,Day14,Day21,choice,0.5404668841288159,7.0
UT14,Day14,Day22,choice,0.5668430590021923,8.0
UT14,Day15,Day16,choice,,1.0
UT14,Day15,Day17,choice,,2.0
UT14,Day15,Day18,choice,,3.0
UT14,Day15,Day19,choice,,4.0
UT14,Day15,Day21,choice,,6.0
UT14,Day15,Day22,choice,,7.0
UT14,Day16,Day17,choice,0.6941566940907744,1.0
UT14,Day16,Day18,choice,0.8597074469435027,2.0
UT14,Day16,Day19,choice,0.8568876901456776,3.0
UT14,Day16,Day21,choice,0.37959233008154336,5.0
UT14,Day16,Day22,choice,0.5199133253070605,6.0
UT14,Day17,Day18,choice,0.8600332767297547,1.0
UT14,Day17,Day19,choice,0.7568980203445376,2.0
UT14,Day17,Day21,choice,0.22239901344427496,4.0
UT14,Day17,Day22,choice,,5.0
UT14,Day18,Day19,choice,0.9465459527257531,1.0
UT14,Day18,Day21,choice,0.33177523754137345,3.0
UT14,Day18,Day22,choice,0.403846982876318,4.0
UT14,Day19,Day21,choice,0.3290448127777981,2.0
UT14,Day19,Day22,choice,0.43646456660281807,3.0
UT14,Day21,Day22,choice,0.6932033009591309,1.0
UT14,Day3,Day4,corridor,0.5869597887992112,1.0
UT14,Day3,Day5,corridor,0.5352255093879841,2.0
UT14,Day3,Day6,corridor,0.639649885659015,3.0
UT14,Day3,Day7,corridor,0.5802827442800903,4.0
UT14,Day3,Day8,corridor,0.42266447699099924,5.0
UT14,Day3,Day9,corridor,0.3309516671527455,6.0
UT14,Day3,Day10,corridor,0.6010676934209617,8.0
UT14,Day3,Day11,corridor,0.3896239626407924,9.0
UT14,Day3,Day12,corridor,0.5820220759119723,10.0
UT14,Day3,Day13,corridor,0.7557925300702841,11.0
UT14,Day3,Day14,corridor,0.580402031072104,12.0
UT14,Day3,Day15,corridor,0.5243496469197548,13.0
UT14,Day3,Day16,corridor,0.5149098271920814,14.0
UT14,Day3,Day17,corridor,0.25681178570287394,15.0
UT14,Day3,Day18,corridor,0.31440173592490067,16.0
UT14,Day3,Day19,corridor,0.31122130845220003,17.0
UT14,Day3,Day21,corridor,0.5551479566129102,19.0
UT14,Day3,Day22,corridor,0.6065176019207633,20.0
UT14,Day4,Day5,corridor,0.6138604007777244,1.0
UT14,Day4,Day6,corridor,0.5073742968085132,2.0
UT14,Day4,Day7,corridor,0.40413650481089997,3.0
UT14,Day4,Day8,corridor,0.08263983313203763,4.0
UT14,Day4,Day9,corridor,0.16785937278810362,5.0
UT14,Day4,Day10,corridor,0.6204776896810984,7.0
UT14,Day4,Day11,corridor,0.1851991453300916,8.0
UT14,Day4,Day12,corridor,0.39360619502269345,9.0
UT14,Day4,Day13,corridor,0.567420559301797,10.0
UT14,Day4,Day14,corridor,0.6397640023385781,11.0
UT14,Day4,Day15,corridor,0.6947975093746249,12.0
UT14,Day4,Day16,corridor,0.5288273579831436,13.0
UT14,Day4,Day17,corridor,0.28285602397514875,14.0
UT14,Day4,Day18,corridor,0.5356209143817785,15.0
UT14,Day4,Day19,corridor,0.4601196125537094,16.0
UT14,Day4,Day21,corridor,0.598463238764375,18.0
UT14,Day4,Day22,corridor,0.6249664682692465,19.0
UT14,Day5,Day6,corridor,0.7081029901590925,1.0
UT14,Day5,Day7,corridor,0.5462709425078005,2.0
UT14,Day5,Day8,corridor,0.3941695764758998,3.0
UT14,Day5,Day9,corridor,0.31440917862467105,4.0
UT14,Day5,Day10,corridor,0.7195114135275138,6.0
UT14,Day5,Day11,corridor,0.3939199566832571,7.0
UT14,Day5,Day12,corridor,0.6691129462177474,8.0
UT14,Day5,Day13,corridor,0.6720738303940591,9.0
UT14,Day5,Day14,corridor,0.7019913243248054,10.0
UT14,Day5,Day15,corridor,0.547172725645503,11.0
UT14,Day5,Day16,corridor,0.5978684325018846,12.0
UT14,Day5,Day17,corridor,0.17764490191358714,13.0
UT14,Day5,Day18,corridor,0.3298249873039525,14.0
UT14,Day5,Day19,corridor,0.33125113589386884,15.0
UT14,Day5,Day21,corridor,0.5126150198280665,17.0
UT14,Day5,Day22,corridor,0.4558550137113024,18.0
UT14,Day6,Day7,corridor,0.8132516794031913,1.0
UT14,Day6,Day8,corridor,0.38962787633910834,2.0
UT14,Day6,Day9,corridor,0.36622134585063726,3.0
UT14,Day6,Day10,corridor,0.816722103590927,5.0
UT14,Day6,Day11,corridor,0.749187610289158,6.0
UT14,Day6,Day12,corridor,0.6747927113676615,7.0
UT14,Day6,Day13,corridor,0.7345212635817181,8.0
UT14,Day6,Day14,corridor,0.6176628230954967,9.0
UT14,Day6,Day15,corridor,0.5775192500958294,10.0
UT14,Day6,Day16,corridor,0.5354596408709574,11.0
UT14,Day6,Day17,corridor,0.10129680389308757,12.0
UT14,Day6,Day18,corridor,0.4028579492691772,13.0
UT14,Day6,Day19,corridor,0.34778531923898093,14.0
UT14,Day6,Day21,corridor,0.6072869972490755,16.0
UT14,Day6,Day22,corridor,0.6863269862909696,17.0
UT14,Day7,Day8,corridor,0.5998250834836198,1.0
UT14,Day7,Day9,corridor,0.4344799024736931,2.0
UT14,Day7,Day10,corridor,0.8320141081627253,4.0
UT14,Day7,Day11,corridor,0.723794029497599,5.0
UT14,Day7,Day12,corridor,0.6962382218015292,6.0
UT14,Day7,Day13,corridor,0.6805605410120792,7.0
UT14,Day7,Day14,corridor,0.6461530597261179,8.0
UT14,Day7,Day15,corridor,0.599282858712398,9.0
UT14,Day7,Day16,corridor,0.5671405202352587,10.0
UT14,Day7,Day17,corridor,0.2983164850839526,11.0
UT14,Day7,Day18,corridor,0.47106188580357006,12.0
UT14,Day7,Day19,corridor,0.521507698305828,13.0
UT14,Day7,Day21,corridor,0.6353645570498105,15.0
UT14,Day7,Day22,corridor,0.7913254624730359,16.0
UT14,Day8,Day9,corridor,0.5167157699362619,1.0
UT14,Day8,Day10,corridor,0.5856213850689224,3.0
UT14,Day8,Day11,corridor,0.4888960428675995,4.0
UT14,Day8,Day12,corridor,0.6749130118379403,5.0
UT14,Day8,Day13,corridor,0.7166138719881269,6.0
UT14,Day8,Day14,corridor,0.39973546466064497,7.0
UT14,Day8,Day15,corridor,0.27741176328895106,8.0
UT14,Day8,Day16,corridor,0.37989190605162193,9.0
UT14,Day8,Day17,corridor,0.4995500591804216,10.0
UT14,Day8,Day18,corridor,0.2409891948059069,11.0
UT14,Day8,Day19,corridor,0.2970187864767164,12.0
UT14,Day8,Day21,corridor,0.5202345094122288,14.0
UT14,Day8,Day22,corridor,0.40358463437007747,15.0
UT14,Day9,Day10,corridor,0.4808737705091642,2.0
UT14,Day9,Day11,corridor,0.3643289872838529,3.0
UT14,Day9,Day12,corridor,0.6507634618419892,4.0
UT14,Day9,Day13,corridor,0.488114379942589,5.0
UT14,Day9,Day14,corridor,0.33172248924969344,6.0
UT14,Day9,Day15,corridor,0.40753542718975294,7.0
UT14,Day9,Day16,corridor,0.23505311858961755,8.0
UT14,Day9,Day17,corridor,0.20046382713752017,9.0
UT14,Day9,Day18,corridor,0.17537170862268328,10.0
UT14,Day9,Day19,corridor,0.20322771691871583,11.0
UT14,Day9,Day21,corridor,0.5031419938777898,13.0
UT14,Day9,Day22,corridor,0.3560830919199431,14.0
UT14,Day10,Day11,corridor,0.7789537971083252,1.0
UT14,Day10,Day12,corridor,0.8563700847703362,2.0
UT14,Day10,Day13,corridor,0.8558750441609263,3.0
UT14,Day10,Day14,corridor,0.7299866571418491,4.0
UT14,Day10,Day15,corridor,0.7777765423787522,5.0
UT14,Day10,Day16,corridor,0.7473048513700716,6.0
UT14,Day10,Day17,corridor,0.4808964045040095,7.0
UT14,Day10,Day18,corridor,0.634582942300781,8.0
UT14,Day10,Day19,corridor,0.5918942834337451,9.0
UT14,Day10,Day21,corridor,0.723788763277033,11.0
UT14,Day10,Day22,corridor,0.7987075132321343,12.0
UT14,Day11,Day12,corridor,0.6347918535628381,1.0
UT14,Day11,Day13,corridor,0.6539871883088105,2.0
UT14,Day11,Day14,corridor,0.6839729346890406,3.0
UT14,Day11,Day15,corridor,0.5420302668599642,4.0
UT14,Day11,Day16,corridor,0.5549799191012316,5.0
UT14,Day11,Day17,corridor,0.43794793967305,6.0
UT14,Day11,Day18,corridor,0.5346441818577382,7.0
UT14,Day11,Day19,corridor,0.5580184208568579,8.0
UT14,Day11,Day21,corridor,0.5725438902369426,10.0
UT14,Day11,Day22,corridor,0.5670405921761297,11.0
UT14,Day12,Day13,corridor,0.8170423357757488,1.0
UT14,Day12,Day14,corridor,0.6635564606343991,2.0
UT14,Day12,Day15,corridor,0.6811334897564275,3.0
UT14,Day12,Day16,corridor,0.7152160364771154,4.0
UT14,Day12,Day17,corridor,0.6009342040000726,5.0
UT14,Day12,Day18,corridor,0.7048478114708417,6.0
UT14,Day12,Day19,corridor,0.7486344015385412,7.0
UT14,Day12,Day21,corridor,0.607723990787815,9.0
UT14,Day12,Day22,corridor,0.699825491613794,10.0
UT14,Day13,Day14,corridor,0.7624363603031429,1.0
UT14,Day13,Day15,corridor,0.7262748484038993,2.0
UT14,Day13,Day16,corridor,0.856245910837677,3.0
UT14,Day13,Day17,corridor,0.5911705861465194,4.0
UT14,Day13,Day18,corridor,0.7803254691682318,5.0
UT14,Day13,Day19,corridor,0.8235806321875281,6.0
UT14,Day13,Day21,corridor,0.7525534656128723,8.0
UT14,Day13,Day22,corridor,0.7034536121948409,9.0
UT14,Day14,Day15,corridor,0.8086890374100926,1.0
UT14,Day14,Day16,corridor,0.8416406974756913,2.0
UT14,Day14,Day17,corridor,0.6459004798091358,3.0
UT14,Day14,Day18,corridor,0.8453996834303188,4.0
UT14,Day14,Day19,corridor,0.831191113503761,5.0
UT14,Day14,Day21,corridor,0.584145151432115,7.0
UT14,Day14,Day22,corridor,0.5915664636222582,8.0
UT14,Day15,Day16,corridor,0.8297534282170074,1.0
UT14,Day15,Day17,corridor,0.5981871809493235,2.0
UT14,Day15,Day18,corridor,0.7978227259363007,3.0
UT14,Day15,Day19,corridor,0.8199008672667982,4.0
UT14,Day15,Day21,corridor,0.5569570060924712,6.0
UT14,Day15,Day22,corridor,0.6601989629335524,7.0
UT14,Day16,Day17,corridor,0.6805696727221849,1.0
UT14,Day16,Day18,corridor,0.8559175175369873,2.0
UT14,Day16,Day19,corridor,0.8470327687472984,3.0
UT14,Day16,Day21,corridor,0.422065581695589,5.0
UT14,Day16,Day22,corridor,0.5779574079108979,6.0
UT14,Day17,Day18,corridor,0.8446936137718444,1.0
UT14,Day17,Day19,corridor,0.7674393226779752,2.0
UT14,Day17,Day21,corridor,0.21556537714795332,4.0
UT14,Day17,Day22,corridor,0.3145024061995119,5.0
UT14,Day18,Day19,corridor,0.9290877554737396,1.0
UT14,Day18,Day21,corridor,0.3705542945461075,3.0
UT14,Day18,Day22,corridor,0.4614717525870127,4.0
UT14,Day19,Day21,corridor,0.3882231388787487,2.0
UT14,Day19,Day22,corridor,0.5400167099598019,3.0
UT14,Day21,Day22,corridor,0.6582076434393649,1.0
UT13,REM_Sleep_20230914,REM_Sleep_20230914,reward,0.9006860101016078,0.0
UT13,REM_Sleep_20230914,REM_Sleep_20230915,reward,0.6458399379924762,1.0
UT13,REM_Sleep_20230914,REM_Sleep_20230915,reward,0.6913917547973836,1.0
UT13,REM_Sleep_20230914,Good_Run_20230916,reward,0.7694216292651647,2.0
UT13,REM_Sleep_20230914,Good_Run_20230918,reward,0.6450373679421468,4.0
UT13,REM_Sleep_20230914,REM_Sleep_20230919,reward,0.8560381982522142,5.0
UT13,REM_Sleep_20230914,REM_Sleep_20230919,reward,0.7014034370529204,5.0
UT13,REM_Sleep_20230914,Good_Run_20230920,reward,0.7586841785922782,6.0
UT13,REM_Sleep_20230914,REM_Sleep_20230925,reward,0.7548957912813699,11.0
UT13,REM_Sleep_20230914,REM_Sleep_20230925,reward,0.6345339947272408,11.0
UT13,REM_Sleep_20230914,Good_Run_20230926,reward,0.5132939861559634,12.0
UT13,REM_Sleep_20230914,Good_Run_20230927,reward,0.5666691334322277,13.0
UT13,REM_Sleep_20230914,Good_Run_20230927,reward,0.6616336424369644,13.0
UT13,REM_Sleep_20230914,Good_Run_20230928,reward,0.7344569926688235,14.0
UT13,REM_Sleep_20230914,REM_Sleep_20230915,reward,0.7766904409243457,1.0
UT13,REM_Sleep_20230914,REM_Sleep_20230915,reward,0.8480131928840076,1.0
UT13,REM_Sleep_20230914,Good_Run_20230916,reward,0.8233115308355274,2.0
UT13,REM_Sleep_20230914,Good_Run_20230918,reward,0.5007189011344522,4.0
UT13,REM_Sleep_20230914,REM_Sleep_20230919,reward,0.8014169148448308,5.0
UT13,REM_Sleep_20230914,REM_Sleep_20230919,reward,0.6054451083331625,5.0
UT13,REM_Sleep_20230914,Good_Run_20230920,reward,0.7799786162223876,6.0
UT13,REM_Sleep_20230914,REM_Sleep_20230925,reward,0.8878281636910806,11.0
UT13,REM_Sleep_20230914,REM_Sleep_20230925,reward,0.7061453558173607,11.0
UT13,REM_Sleep_20230914,Good_Run_20230926,reward,0.6975048125778334,12.0
UT13,REM_Sleep_20230914,Good_Run_20230927,reward,0.6404886441655263,13.0
UT13,REM_Sleep_20230914,Good_Run_20230927,reward,0.6857304131725063,13.0
UT13,REM_Sleep_20230914,Good_Run_20230928,reward,0.7085667245800226,14.0
UT13,REM_Sleep_20230915,REM_Sleep_20230915,reward,0.6796865974517299,0.0
UT13,REM_Sleep_20230915,Good_Run_20230916,reward,0.7097930495285496,1.0
UT13,REM_Sleep_20230915,Good_Run_20230918,reward,0.3915277543996481,3.0
UT13,REM_Sleep_20230915,REM_Sleep_20230919,reward,0.49041184754504036,4.0
UT13,REM_Sleep_20230915,REM_Sleep_20230919,reward,0.2864400838529452,4.0
UT13,REM_Sleep_20230915,Good_Run_20230920,reward,0.8535925687071675,5.0
UT13,REM_Sleep_20230915,REM_Sleep_20230925,reward,0.7824053052787472,10.0
UT13,REM_Sleep_20230915,REM_Sleep_20230925,reward,0.6571051960086558,10.0
UT13,REM_Sleep_20230915,Good_Run_20230926,reward,0.8882458702599657,11.0
UT13,REM_Sleep_20230915,Good_Run_20230927,reward,0.7294889653424457,12.0
UT13,REM_Sleep_20230915,Good_Run_20230927,reward,0.726657110242515,12.0
UT13,REM_Sleep_20230915,Good_Run_20230928,reward,0.5103331207083744,13.0
UT13,REM_Sleep_20230915,Good_Run_20230916,reward,0.768043920080025,1.0
UT13,REM_Sleep_20230915,Good_Run_20230918,reward,0.4325463197639929,3.0
UT13,REM_Sleep_20230915,REM_Sleep_20230919,reward,0.7952745605142326,4.0
UT13,REM_Sleep_20230915,REM_Sleep_20230919,reward,0.6665401483292804,4.0
UT13,REM_Sleep_20230915,Good_Run_20230920,reward,0.6853854595452757,5.0
UT13,REM_Sleep_20230915,REM_Sleep_20230925,reward,0.783737099842253,10.0
UT13,REM_Sleep_20230915,REM_Sleep_20230925,reward,0.7257534840247093,10.0
UT13,REM_Sleep_20230915,Good_Run_20230926,reward,0.7279166666797368,11.0
UT13,REM_Sleep_20230915,Good_Run_20230927,reward,0.6399888473389317,12.0
UT13,REM_Sleep_20230915,Good_Run_20230927,reward,0.5772212911727906,12.0
UT13,REM_Sleep_20230915,Good_Run_20230928,reward,0.4286336949762387,13.0
UT13,Good_Run_20230916,Good_Run_20230918,reward,0.40045357154290284,2.0
UT13,Good_Run_20230916,REM_Sleep_20230919,reward,0.7560825569634598,3.0
UT13,Good_Run_20230916,REM_Sleep_20230919,reward,0.5632347959601051,3.0
UT13,Good_Run_20230916,Good_Run_20230920,reward,0.7164685155750553,4.0
UT13,Good_Run_20230916,REM_Sleep_20230925,reward,0.6601203985624448,9.0
UT13,Good_Run_20230916,REM_Sleep_20230925,reward,0.6397991934626924,9.0
UT13,Good_Run_20230916,Good_Run_20230926,reward,0.6575441684600267,10.0
UT13,Good_Run_20230916,Good_Run_20230927,reward,0.5917712530967453,11.0
UT13,Good_Run_20230916,Good_Run_20230927,reward,0.5231093102027609,11.0
UT13,Good_Run_20230916,Good_Run_20230928,reward,0.4320848239473288,12.0
UT13,Good_Run_20230918,REM_Sleep_20230919,reward,0.5909096117790618,1.0
UT13,Good_Run_20230918,REM_Sleep_20230919,reward,0.7472167096538006,1.0
UT13,Good_Run_20230918,Good_Run_20230920,reward,0.6213414787762731,2.0
UT13,Good_Run_20230918,REM_Sleep_20230925,reward,0.4547588191801809,7.0
UT13,Good_Run_20230918,REM_Sleep_20230925,reward,0.49451825057641147,7.0
UT13,Good_Run_20230918,Good_Run_20230926,reward,0.48068043923607867,8.0
UT13,Good_Run_20230918,Good_Run_20230927,reward,0.4744870994435473,9.0
UT13,Good_Run_20230918,Good_Run_20230927,reward,0.5551573383636162,9.0
UT13,Good_Run_20230918,Good_Run_20230928,reward,0.4899967432952417,10.0
UT13,REM_Sleep_20230919,REM_Sleep_20230919,reward,0.919734771286455,0.0
UT13,REM_Sleep_20230919,Good_Run_20230920,reward,0.6655283154409695,1.0
UT13,REM_Sleep_20230919,REM_Sleep_20230925,reward,0.6786240273897729,6.0
UT13,REM_Sleep_20230919,REM_Sleep_20230925,reward,0.7416546012277168,6.0
UT13,REM_Sleep_20230919,Good_Run_20230926,reward,0.5268652569329031,7.0
UT13,REM_Sleep_20230919,Good_Run_20230927,reward,0.542064471037493,8.0
UT13,REM_Sleep_20230919,Good_Run_20230927,reward,0.5261700693973129,8.0
UT13,REM_Sleep_20230919,Good_Run_20230928,reward,0.51251750516338,9.0
UT13,REM_Sleep_20230919,Good_Run_20230920,reward,0.6370729222632904,1.0
UT13,REM_Sleep_20230919,REM_Sleep_20230925,reward,0.5172843882338057,6.0
UT13,REM_Sleep_20230919,REM_Sleep_20230925,reward,0.5696207155367697,6.0
UT13,REM_Sleep_20230919,Good_Run_20230926,reward,0.40663886010050126,7.0
UT13,REM_Sleep_20230919,Good_Run_20230927,reward,0.49598367744437427,8.0
UT13,REM_Sleep_20230919,Good_Run_20230927,reward,0.45761282122831304,8.0
UT13,REM_Sleep_20230919,Good_Run_20230928,reward,0.3965888674731274,9.0
UT13,Good_Run_20230920,REM_Sleep_20230925,reward,0.8128967495295991,5.0
UT13,Good_Run_20230920,REM_Sleep_20230925,reward,0.6770643641555961,5.0
UT13,Good_Run_20230920,Good_Run_20230926,reward,0.8037332864605441,6.0
UT13,Good_Run_20230920,Good_Run_20230927,reward,0.7515710571741623,7.0
UT13,Good_Run_20230920,Good_Run_20230927,reward,0.7574042844613489,7.0
UT13,Good_Run_20230920,Good_Run_20230928,reward,0.6128174765650448,8.0
UT13,REM_Sleep_20230925,REM_Sleep_20230925,reward,0.635949226622122,0.0
UT13,REM_Sleep_20230925,Good_Run_20230926,reward,0.7353325824987176,1.0
UT13,REM_Sleep_20230925,Good_Run_20230927,reward,0.6564812357894833,2.0
UT13,REM_Sleep_20230925,Good_Run_20230927,reward,0.7418612236838112,2.0
UT13,REM_Sleep_20230925,Good_Run_20230928,reward,0.7156150142093786,3.0
UT13,REM_Sleep_20230925,Good_Run_20230926,reward,0.7625293676016647,1.0
UT13,REM_Sleep_20230925,Good_Run_20230927,reward,0.8147696945643422,2.0
UT13,REM_Sleep_20230925,Good_Run_20230927,reward,0.7328259357786074,2.0
UT13,REM_Sleep_20230925,Good_Run_20230928,reward,0.4852175683483927,3.0
UT13,Good_Run_20230926,Good_Run_20230927,reward,0.8486892199089967,1.0
UT13,Good_Run_20230926,Good_Run_20230927,reward,0.7762239202030398,1.0
UT13,Good_Run_20230926,Good_Run_20230928,reward,0.38456393959984975,2.0
UT13,Good_Run_20230927,Good_Run_20230927,reward,0.8892218669299216,0.0
UT13,Good_Run_20230927,Good_Run_20230928,reward,0.3850794416710347,1.0
UT13,Good_Run_20230927,Good_Run_20230928,reward,0.6807487018311551,1.0
UT13,REM_Sleep_20230914,REM_Sleep_20230914,choice,0.9109408694769022,0.0
UT13,REM_Sleep_20230914,REM_Sleep_20230915,choice,0.6360822285429995,1.0
UT13,REM_Sleep_20230914,REM_Sleep_20230915,choice,0.6534287341891225,1.0
UT13,REM_Sleep_20230914,Good_Run_20230916,choice,0.7121426061690478,2.0
UT13,REM_Sleep_20230914,Good_Run_20230918,choice,0.6553054588003656,4.0
UT13,REM_Sleep_20230914,REM_Sleep_20230919,choice,0.7885123866010488,5.0
UT13,REM_Sleep_20230914,REM_Sleep_20230919,choice,0.6628803183177281,5.0
UT13,REM_Sleep_20230914,Good_Run_20230920,choice,0.7292225650226021,6.0
UT13,REM_Sleep_20230914,REM_Sleep_20230925,choice,0.7250596708542443,11.0
UT13,REM_Sleep_20230914,REM_Sleep_20230925,choice,0.5775467325315815,11.0
UT13,REM_Sleep_20230914,Good_Run_20230926,choice,0.411154898800873,12.0
UT13,REM_Sleep_20230914,Good_Run_20230927,choice,0.47579728397493287,13.0
UT13,REM_Sleep_20230914,Good_Run_20230927,choice,0.6853329144077295,13.0
UT13,REM_Sleep_20230914,Good_Run_20230928,choice,0.8365294187450775,14.0
UT13,REM_Sleep_20230914,REM_Sleep_20230915,choice,0.8004258372002678,1.0
UT13,REM_Sleep_20230914,REM_Sleep_20230915,choice,0.767415959182735,1.0
UT13,REM_Sleep_20230914,Good_Run_20230916,choice,0.760886319604243,2.0
UT13,REM_Sleep_20230914,Good_Run_20230918,choice,0.5280910605152267,4.0
UT13,REM_Sleep_20230914,REM_Sleep_20230919,choice,0.7565303016700213,5.0
UT13,REM_Sleep_20230914,REM_Sleep_20230919,choice,0.5692399047996776,5.0
UT13,REM_Sleep_20230914,Good_Run_20230920,choice,0.7965163391827744,6.0
UT13,REM_Sleep_20230914,REM_Sleep_20230925,choice,0.863261429116031,11.0
UT13,REM_Sleep_20230914,REM_Sleep_20230925,choice,0.6845141717460249,11.0
UT13,REM_Sleep_20230914,Good_Run_20230926,choice,0.6521813638797559,12.0
UT13,REM_Sleep_20230914,Good_Run_20230927,choice,0.6186305042823821,13.0
UT13,REM_Sleep_20230914,Good_Run_20230927,choice,0.738890843787366,13.0
UT13,REM_Sleep_20230914,Good_Run_20230928,choice,0.7883786402121069,14.0
UT13,REM_Sleep_20230915,REM_Sleep_20230915,choice,0.6616830966554348,0.0
UT13,REM_Sleep_20230915,Good_Run_20230916,choice,0.6675574963087015,1.0
UT13,REM_Sleep_20230915,Good_Run_20230918,choice,0.440229866604543,3.0
UT13,REM_Sleep_20230915,REM_Sleep_20230919,choice,0.4850159473832036,4.0
UT13,REM_Sleep_20230915,REM_Sleep_20230919,choice,0.3092739138102712,4.0
UT13,REM_Sleep_20230915,Good_Run_20230920,choice,0.8465203271768439,5.0
UT13,REM_Sleep_20230915,REM_Sleep_20230925,choice,0.8038480415857843,10.0
UT13,REM_Sleep_20230915,REM_Sleep_20230925,choice,0.675481909304609,10.0
UT13,REM_Sleep_20230915,Good_Run_20230926,choice,0.8567764839749162,11.0
UT13,REM_Sleep_20230915,Good_Run_20230927,choice,0.7085369534608762,12.0
UT13,REM_Sleep_20230915,Good_Run_20230927,choice,0.7366913663600047,12.0
UT13,REM_Sleep_20230915,Good_Run_20230928,choice,0.5702502769702579,13.0
UT13,REM_Sleep_20230915,Good_Run_20230916,choice,0.7941005171088422,1.0
UT13,REM_Sleep_20230915,Good_Run_20230918,choice,0.526657082367015,3.0
UT13,REM_Sleep_20230915,REM_Sleep_20230919,choice,0.8189461407643032,4.0
UT13,REM_Sleep_20230915,REM_Sleep_20230919,choice,0.7334374581163411,4.0
UT13,REM_Sleep_20230915,Good_Run_20230920,choice,0.6602299662484579,5.0
UT13,REM_Sleep_20230915,REM_Sleep_20230925,choice,0.7572720749971078,10.0
UT13,REM_Sleep_20230915,REM_Sleep_20230925,choice,0.7319719445990204,10.0
UT13,REM_Sleep_20230915,Good_Run_20230926,choice,0.6452283341594662,11.0
UT13,REM_Sleep_20230915,Good_Run_20230927,choice,0.6212922947260735,12.0
UT13,REM_Sleep_20230915,Good_Run_20230927,choice,0.5623969921712595,12.0
UT13,REM_Sleep_20230915,Good_Run_20230928,choice,0.4392585389513549,13.0
UT13,Good_Run_20230916,Good_Run_20230918,choice,0.4871548624539425,2.0
UT13,Good_Run_20230916,REM_Sleep_20230919,choice,0.7714089068166582,3.0
UT13,Good_Run_20230916,REM_Sleep_20230919,choice,0.6535904061116649,3.0
UT13,Good_Run_20230916,Good_Run_20230920,choice,0.7149775392251462,4.0
UT13,Good_Run_20230916,REM_Sleep_20230925,choice,0.6767053190229639,9.0
UT13,Good_Run_20230916,REM_Sleep_20230925,choice,0.6372566365149894,9.0
UT13,Good_Run_20230916,Good_Run_20230926,choice,0.5711337892309795,10.0
UT13,Good_Run_20230916,Good_Run_20230927,choice,0.5317183882220314,11.0
UT13,Good_Run_20230916,Good_Run_20230927,choice,0.49420365422282153,11.0
UT13,Good_Run_20230916,Good_Run_20230928,choice,0.47687959018489684,12.0
UT13,Good_Run_20230918,REM_Sleep_20230919,choice,0.625877804382194,1.0
UT13,Good_Run_20230918,REM_Sleep_20230919,choice,0.7458375001614242,1.0
UT13,Good_Run_20230918,Good_Run_20230920,choice,0.6335969067391174,2.0
UT13,Good_Run_20230918,REM_Sleep_20230925,choice,0.5098932046193156,7.0
UT13,Good_Run_20230918,REM_Sleep_20230925,choice,0.5394983839414469,7.0
UT13,Good_Run_20230918,Good_Run_20230926,choice,0.4355061282728724,8.0
UT13,Good_Run_20230918,Good_Run_20230927,choice,0.45267973581994414,9.0
UT13,Good_Run_20230918,Good_Run_20230927,choice,0.5491717163772734,9.0
UT13,Good_Run_20230918,Good_Run_20230928,choice,0.5436986689159218,10.0
UT13,REM_Sleep_20230919,REM_Sleep_20230919,choice,0.9261408372930383,0.0
UT13,REM_Sleep_20230919,Good_Run_20230920,choice,0.6331759742253525,1.0
UT13,REM_Sleep_20230919,REM_Sleep_20230925,choice,0.6430883947889522,6.0
UT13,REM_Sleep_20230919,REM_Sleep_20230925,choice,0.7101188380375624,6.0
UT13,REM_Sleep_20230919,Good_Run_20230926,choice,0.47834483917946535,7.0
UT13,REM_Sleep_20230919,Good_Run_20230927,choice,0.513798801229987,8.0
UT13,REM_Sleep_20230919,Good_Run_20230927,choice,0.5054768321848231,8.0
UT13,REM_Sleep_20230919,Good_Run_20230928,choice,0.5284280302670404,9.0
UT13,REM_Sleep_20230919,Good_Run_20230920,choice,0.5942796734007689,1.0
UT13,REM_Sleep_20230919,REM_Sleep_20230925,choice,0.5155914563837486,6.0
UT13,REM_Sleep_20230919,REM_Sleep_20230925,choice,0.5760505574642981,6.0
UT13,REM_Sleep_20230919,Good_Run_20230926,choice,0.35111165818460816,7.0
UT13,REM_Sleep_20230919,Good_Run_20230927,choice,0.4736948437654448,8.0
UT13,REM_Sleep_20230919,Good_Run_20230927,choice,0.4234025922870423,8.0
UT13,REM_Sleep_20230919,Good_Run_20230928,choice,0.4011531953884422,9.0
UT13,Good_Run_20230920,REM_Sleep_20230925,choice,0.7786939368443043,5.0
UT13,Good_Run_20230920,REM_Sleep_20230925,choice,0.7149678564114565,5.0
UT13,Good_Run_20230920,Good_Run_20230926,choice,0.7812490508666762,6.0
UT13,Good_Run_20230920,Good_Run_20230927,choice,0.7202862422937539,7.0
UT13,Good_Run_20230920,Good_Run_20230927,choice,0.7489364913557334,7.0
UT13,Good_Run_20230920,Good_Run_20230928,choice,0.6362986229961407,8.0
UT13,REM_Sleep_20230925,REM_Sleep_20230925,choice,0.7194208242831438,0.0
UT13,REM_Sleep_20230925,Good_Run_20230926,choice,0.7753318946521018,1.0
UT13,REM_Sleep_20230925,Good_Run_20230927,choice,0.6780817288372679,2.0
UT13,REM_Sleep_20230925,Good_Run_20230927,choice,0.7373992829273252,2.0
UT13,REM_Sleep_20230925,Good_Run_20230928,choice,0.6773801859083972,3.0
UT13,REM_Sleep_20230925,Good_Run_20230926,choice,0.7806016438647161,1.0
UT13,REM_Sleep_20230925,Good_Run_20230927,choice,0.829299938203877,2.0
UT13,REM_Sleep_20230925,Good_Run_20230927,choice,0.7496749094005138,2.0
UT13,REM_Sleep_20230925,Good_Run_20230928,choice,0.5343385786211222,3.0
UT13,Good_Run_20230926,Good_Run_20230927,choice,0.8506355124643589,1.0
UT13,Good_Run_20230926,Good_Run_20230927,choice,0.739505031844618,1.0
UT13,Good_Run_20230926,Good_Run_20230928,choice,0.36444687966675726,2.0
UT13,Good_Run_20230927,Good_Run_20230927,choice,0.8533868519754351,0.0
UT13,Good_Run_20230927,Good_Run_20230928,choice,0.37924323220278205,1.0
UT13,Good_Run_20230927,Good_Run_20230928,choice,0.7463561050224988,1.0
UT13,REM_Sleep_20230914,REM_Sleep_20230914,corridor,0.9214606472291305,0.0
UT13,REM_Sleep_20230914,REM_Sleep_20230915,corridor,0.6831487124529705,1.0
UT13,REM_Sleep_20230914,REM_Sleep_20230915,corridor,0.7016365690282256,1.0
UT13,REM_Sleep_20230914,Good_Run_20230916,corridor,0.7317772542143064,2.0
UT13,REM_Sleep_20230914,Good_Run_20230918,corridor,0.6572114038716868,4.0
UT13,REM_Sleep_20230914,REM_Sleep_20230919,corridor,0.798147468087114,5.0
UT13,REM_Sleep_20230914,REM_Sleep_20230919,corridor,0.6604016075185398,5.0
UT13,REM_Sleep_20230914,Good_Run_20230920,corridor,0.7746552245851395,6.0
UT13,REM_Sleep_20230914,REM_Sleep_20230925,corridor,0.7312516509950615,11.0
UT13,REM_Sleep_20230914,REM_Sleep_20230925,corridor,0.5522427177463824,11.0
UT13,REM_Sleep_20230914,Good_Run_20230926,corridor,0.41515645304222887,12.0
UT13,REM_Sleep_20230914,Good_Run_20230927,corridor,0.4673624677871028,13.0
UT13,REM_Sleep_20230914,Good_Run_20230927,corridor,0.7180403660604372,13.0
UT13,REM_Sleep_20230914,Good_Run_20230928,corridor,0.8215416067741227,14.0
UT13,REM_Sleep_20230914,REM_Sleep_20230915,corridor,0.8210812329194912,1.0
UT13,REM_Sleep_20230914,REM_Sleep_20230915,corridor,0.8340013944662044,1.0
UT13,REM_Sleep_20230914,Good_Run_20230916,corridor,0.8007577462909604,2.0
UT13,REM_Sleep_20230914,Good_Run_20230918,corridor,0.5620399798653101,4.0
UT13,REM_Sleep_20230914,REM_Sleep_20230919,corridor,0.7700076592743987,5.0
UT13,REM_Sleep_20230914,REM_Sleep_20230919,corridor,0.5918971835040453,5.0
UT13,REM_Sleep_20230914,Good_Run_20230920,corridor,0.814027195333031,6.0
UT13,REM_Sleep_20230914,REM_Sleep_20230925,corridor,0.8639924563862779,11.0
UT13,REM_Sleep_20230914,REM_Sleep_20230925,corridor,0.6463266497462525,11.0
UT13,REM_Sleep_20230914,Good_Run_20230926,corridor,0.6057750842876108,12.0
UT13,REM_Sleep_20230914,Good_Run_20230927,corridor,0.5667221631766509,13.0
UT13,REM_Sleep_20230914,Good_Run_20230927,corridor,0.7531373721908792,13.0
UT13,REM_Sleep_20230914,Good_Run_20230928,corridor,0.7855990386511257,14.0
UT13,REM_Sleep_20230915,REM_Sleep_20230915,corridor,0.728032466334389,0.0
UT13,REM_Sleep_20230915,Good_Run_20230916,corridor,0.7263599903830423,1.0
UT13,REM_Sleep_20230915,Good_Run_20230918,corridor,0.4569541389256246,3.0
UT13,REM_Sleep_20230915,REM_Sleep_20230919,corridor,0.5192678194286017,4.0
UT13,REM_Sleep_20230915,REM_Sleep_20230919,corridor,0.3355012434638369,4.0
UT13,REM_Sleep_20230915,Good_Run_20230920,corridor,0.8510423782649517,5.0
UT13,REM_Sleep_20230915,REM_Sleep_20230925,corridor,0.8304237724550253,10.0
UT13,REM_Sleep_20230915,REM_Sleep_20230925,corridor,0.6458037776649262,10.0
UT13,REM_Sleep_20230915,Good_Run_20230926,corridor,0.8199188932030331,11.0
UT13,REM_Sleep_20230915,Good_Run_20230927,corridor,0.6670459930347769,12.0
UT13,REM_Sleep_20230915,Good_Run_20230927,corridor,0.7597853753530351,12.0
UT13,REM_Sleep_20230915,Good_Run_20230928,corridor,0.6045784883727542,13.0
UT13,REM_Sleep_20230915,Good_Run_20230916,corridor,0.8296371686075783,1.0
UT13,REM_Sleep_20230915,Good_Run_20230918,corridor,0.495648801799739,3.0
UT13,REM_Sleep_20230915,REM_Sleep_20230919,corridor,0.8180903802126746,4.0
UT13,REM_Sleep_20230915,REM_Sleep_20230919,corridor,0.7037643996717121,4.0
UT13,REM_Sleep_20230915,Good_Run_20230920,corridor,0.7159012131645158,5.0
UT13,REM_Sleep_20230915,REM_Sleep_20230925,corridor,0.844008762174882,10.0
UT13,REM_Sleep_20230915,REM_Sleep_20230925,corridor,0.6619025218275116,10.0
UT13,REM_Sleep_20230915,Good_Run_20230926,corridor,0.6834605314471691,11.0
UT13,REM_Sleep_20230915,Good_Run_20230927,corridor,0.6490251830050451,12.0
UT13,REM_Sleep_20230915,Good_Run_20230927,corridor,0.6305927111617057,12.0
UT13,REM_Sleep_20230915,Good_Run_20230928,corridor,0.47625887303855335,13.0
UT13,Good_Run_20230916,Good_Run_20230918,corridor,0.47508947048891204,2.0
UT13,Good_Run_20230916,REM_Sleep_20230919,corridor,0.7908475311849745,3.0
UT13,Good_Run_20230916,REM_Sleep_20230919,corridor,0.6498171345108458,3.0
UT13,Good_Run_20230916,Good_Run_20230920,corridor,0.7429643706597628,4.0
UT13,Good_Run_20230916,REM_Sleep_20230925,corridor,0.7067573227085244,9.0
UT13,Good_Run_20230916,REM_Sleep_20230925,corridor,0.5910069267979637,9.0
UT13,Good_Run_20230916,Good_Run_20230926,corridor,0.6113343124778468,10.0
UT13,Good_Run_20230916,Good_Run_20230927,corridor,0.5736061119758602,11.0
UT13,Good_Run_20230916,Good_Run_20230927,corridor,0.5675124499186882,11.0
UT13,Good_Run_20230916,Good_Run_20230928,corridor,0.46686733554275706,12.0
UT13,Good_Run_20230918,REM_Sleep_20230919,corridor,0.6173281613559748,1.0
UT13,Good_Run_20230918,REM_Sleep_20230919,corridor,0.7180943535451264,1.0
UT13,Good_Run_20230918,Good_Run_20230920,corridor,0.6466869659947904,2.0
UT13,Good_Run_20230918,REM_Sleep_20230925,corridor,0.4695453897241723,7.0
UT13,Good_Run_20230918,REM_Sleep_20230925,corridor,0.45759685145086443,7.0
UT13,Good_Run_20230918,Good_Run_20230926,corridor,0.4411108467807526,8.0
UT13,Good_Run_20230918,Good_Run_20230927,corridor,0.43884565547086973,9.0
UT13,Good_Run_20230918,Good_Run_20230927,corridor,0.5711577709043035,9.0
UT13,Good_Run_20230918,Good_Run_20230928,corridor,0.5145693464779049,10.0
UT13,REM_Sleep_20230919,REM_Sleep_20230919,corridor,0.9127533813854416,0.0
UT13,REM_Sleep_20230919,Good_Run_20230920,corridor,0.6476766731932587,1.0
UT13,REM_Sleep_20230919,REM_Sleep_20230925,corridor,0.6810750328149003,6.0
UT13,REM_Sleep_20230919,REM_Sleep_20230925,corridor,0.6757555171929757,6.0
UT13,REM_Sleep_20230919,Good_Run_20230926,corridor,0.4828148508861508,7.0
UT13,REM_Sleep_20230919,Good_Run_20230927,corridor,0.5169284005412342,8.0
UT13,REM_Sleep_20230919,Good_Run_20230927,corridor,0.5225884845887709,8.0
UT13,REM_Sleep_20230919,Good_Run_20230928,corridor,0.5157518619746652,9.0
UT13,REM_Sleep_20230919,Good_Run_20230920,corridor,0.5676426583186289,1.0
UT13,REM_Sleep_20230919,REM_Sleep_20230925,corridor,0.5424503674104196,6.0
UT13,REM_Sleep_20230919,REM_Sleep_20230925,corridor,0.547626724578564,6.0
UT13,REM_Sleep_20230919,Good_Run_20230926,corridor,0.37040420027836707,7.0
UT13,REM_Sleep_20230919,Good_Run_20230927,corridor,0.49871130514063594,8.0
UT13,REM_Sleep_20230919,Good_Run_20230927,corridor,0.4533695671293988,8.0
UT13,REM_Sleep_20230919,Good_Run_20230928,corridor,0.35129056611319803,9.0
UT13,Good_Run_20230920,REM_Sleep_20230925,corridor,0.8159779471661259,5.0
UT13,Good_Run_20230920,REM_Sleep_20230925,corridor,0.6650245063306446,5.0
UT13,Good_Run_20230920,Good_Run_20230926,corridor,0.7419130635086533,6.0
UT13,Good_Run_20230920,Good_Run_20230927,corridor,0.6607691696965671,7.0
UT13,Good_Run_20230920,Good_Run_20230927,corridor,0.7690832547421534,7.0
UT13,Good_Run_20230920,Good_Run_20230928,corridor,0.6714423086477076,8.0
UT13,REM_Sleep_20230925,REM_Sleep_20230925,corridor,0.7121350446291395,0.0
UT13,REM_Sleep_20230925,Good_Run_20230926,corridor,0.7838529762354272,1.0
UT13,REM_Sleep_20230925,Good_Run_20230927,corridor,0.7114608072523037,2.0
UT13,REM_Sleep_20230925,Good_Run_20230927,corridor,0.7698301000219564,2.0
UT13,REM_Sleep_20230925,Good_Run_20230928,corridor,0.629652305685674,3.0
UT13,REM_Sleep_20230925,Good_Run_20230926,corridor,0.7688806450662736,1.0
UT13,REM_Sleep_20230925,Good_Run_20230927,corridor,0.8385842285916416,2.0
UT13,REM_Sleep_20230925,Good_Run_20230927,corridor,0.7426567791860443,2.0
UT13,REM_Sleep_20230925,Good_Run_20230928,corridor,0.43965309690739246,3.0
UT13,Good_Run_20230926,Good_Run_20230927,corridor,0.8359845064233477,1.0
UT13,Good_Run_20230926,Good_Run_20230927,corridor,0.70768729780292,1.0
UT13,Good_Run_20230926,Good_Run_20230928,corridor,0.2926546813856781,2.0
UT13,Good_Run_20230927,Good_Run_20230927,corridor,0.8202618856742493,0.0
UT13,Good_Run_20230927,Good_Run_20230928,corridor,0.2926995802405669,1.0
UT13,Good_Run_20230927,Good_Run_20230928,corridor,0.7317609460904663,1.0
UT15,Day2,Day3,reward,0.4277806479883318,1.0
UT15,Day2,Day4,reward,0.49141688700034186,2.0
UT15,Day2,Day5,reward,0.03183007843500095,3.0
UT15,Day2,Day6,reward,0.07093416451377674,3.0
UT15,Day2,Day7,reward,0.541125132658283,4.0
UT15,Day2,Day8,reward,0.30837318608912045,4.0
UT15,Day2,Day9,reward,-0.0240373614904165,5.0
UT15,Day2,Day10,reward,-0.10650322256091692,5.0
UT15,Day2,Day11,reward,-0.10825789068333708,6.0
UT15,Day2,Day12,reward,-0.19031371823571377,6.0
UT15,Day2,Day13,reward,0.5903555291304537,7.0
UT15,Day2,Day14,reward,0.32875191300206164,7.0
UT15,Day2,Day15,reward,0.30682036098981386,8.0
UT15,Day2,Day16,reward,0.24010060874612324,8.0
UT15,Day3,Day4,reward,0.5389263692146818,1.0
UT15,Day3,Day5,reward,0.3714525360707144,2.0
UT15,Day3,Day6,reward,0.35070563509852637,2.0
UT15,Day3,Day7,reward,0.2541463306959461,3.0
UT15,Day3,Day8,reward,0.22969072059136053,3.0
UT15,Day3,Day9,reward,0.6541926108715723,4.0
UT15,Day3,Day10,reward,0.5624365205873472,4.0
UT15,Day3,Day11,reward,0.48314282771894107,5.0
UT15,Day3,Day12,reward,0.611846864677092,5.0
UT15,Day3,Day13,reward,0.017992293596005172,6.0
UT15,Day3,Day14,reward,0.1319537679428778,6.0
UT15,Day3,Day15,reward,0.0914557358652431,7.0
UT15,Day3,Day16,reward,0.16393522718749315,7.0
UT15,Day4,Day5,reward,0.2651573821601406,1.0
UT15,Day4,Day6,reward,0.3685402079534325,1.0
UT15,Day4,Day7,reward,0.7727384847038317,2.0
UT15,Day4,Day8,reward,0.6843375727991169,2.0
UT15,Day4,Day9,reward,0.43567103305486493,3.0
UT15,Day4,Day10,reward,0.3242265766820122,3.0
UT15,Day4,Day11,reward,0.43285315412003744,4.0
UT15,Day4,Day12,reward,0.6005335548581265,4.0
UT15,Day4,Day13,reward,0.16145355881774745,5.0
UT15,Day4,Day14,reward,0.07374533566394575,5.0
UT15,Day4,Day15,reward,0.4184833569328767,6.0
UT15,Day4,Day16,reward,-0.04669616120249383,6.0
UT15,Day5,Day6,reward,0.2609996768435669,0.0
UT15,Day5,Day7,reward,0.2819181138329384,1.0
UT15,Day5,Day8,reward,0.19222703714741476,1.0
UT15,Day5,Day9,reward,0.11696818572552665,2.0
UT15,Day5,Day10,reward,0.08482422492055303,2.0
UT15,Day5,Day11,reward,0.268274553736929,3.0
UT15,Day5,Day12,reward,0.53004112363401,3.0
UT15,Day5,Day13,reward,0.023717098754747902,4.0
UT15,Day5,Day14,reward,-0.033237102266001135,4.0
UT15,Day5,Day15,reward,-0.4201302052880201,5.0
UT15,Day5,Day16,reward,-0.2396458123524862,5.0
UT15,Day6,Day7,reward,0.49512779205082197,1.0
UT15,Day6,Day8,reward,0.3246952138665102,1.0
UT15,Day6,Day9,reward,0.5141611715424177,2.0
UT15,Day6,Day10,reward,0.4972048163406748,2.0
UT15,Day6,Day11,reward,0.41859094328257535,3.0
UT15,Day6,Day12,reward,0.13891487500252606,3.0
UT15,Day6,Day13,reward,0.33983050381009394,4.0
UT15,Day6,Day14,reward,0.7241965367550498,4.0
UT15,Day6,Day15,reward,0.6553077892933141,5.0
UT15,Day6,Day16,reward,0.6439963302283387,5.0
UT15,Day7,Day8,reward,0.8201136462697678,0.0
UT15,Day7,Day9,reward,0.48251857854053376,1.0
UT15,Day7,Day10,reward,0.34664941737347926,1.0
UT15,Day7,Day11,reward,0.48043080540813465,2.0
UT15,Day7,Day12,reward,0.4938408631714736,2.0
UT15,Day7,Day13,reward,0.5102281426887337,3.0
UT15,Day7,Day14,reward,0.3593250404255215,3.0
UT15,Day7,Day15,reward,0.5597055615794974,4.0
UT15,Day7,Day16,reward,0.419371552232869,4.0
UT15,Day8,Day9,reward,0.31173190951525054,1.0
UT15,Day8,Day10,reward,0.16840065846583158,1.0
UT15,Day8,Day11,reward,-0.1826303034730394,2.0
UT15,Day8,Day12,reward,0.3525176795249706,2.0
UT15,Day8,Day13,reward,0.36670517133165925,3.0
UT15,Day8,Day14,reward,0.1958291659550223,3.0
UT15,Day8,Day15,reward,0.344424957201163,4.0
UT15,Day8,Day16,reward,0.36219100000434307,4.0
UT15,Day9,Day10,reward,0.8534428664662757,0.0
UT15,Day9,Day11,reward,0.8383798545307929,1.0
UT15,Day9,Day12,reward,0.6525530047465686,1.0
UT15,Day9,Day13,reward,0.42713748102896115,2.0
UT15,Day9,Day14,reward,0.7432070065100331,2.0
UT15,Day9,Day15,reward,0.6129981840674539,3.0
UT15,Day9,Day16,reward,0.4218713955017527,3.0
UT15,Day10,Day11,reward,0.813849286031108,1.0
UT15,Day10,Day12,reward,0.5013987086494095,1.0
UT15,Day10,Day13,reward,0.19237599595012997,2.0
UT15,Day10,Day14,reward,0.5486271516527599,2.0
UT15,Day10,Day15,reward,0.3633993407165724,3.0
UT15,Day10,Day16,reward,0.14097430241475523,3.0
UT15,Day11,Day12,reward,0.6810989220031155,0.0
UT15,Day11,Day13,reward,0.36322714311497706,1.0
UT15,Day11,Day14,reward,0.5215877223160931,1.0
UT15,Day11,Day15,reward,0.37410934030885346,2.0
UT15,Day11,Day16,reward,0.3092360442371163,2.0
UT15,Day12,Day13,reward,0.2857550996874518,1.0
UT15,Day12,Day14,reward,0.20044980298206683,1.0
UT15,Day12,Day15,reward,0.1158581673646598,2.0
UT15,Day12,Day16,reward,0.07554630599882942,2.0
UT15,Day13,Day14,reward,0.6712191827863152,0.0
UT15,Day13,Day15,reward,0.7156766834055678,1.0
UT15,Day13,Day16,reward,0.6820770521287135,1.0
UT15,Day14,Day15,reward,0.6954313606342937,1.0
UT15,Day14,Day16,reward,0.7270994094217168,1.0
UT15,Day15,Day16,reward,0.6907640209383439,0.0
UT15,Day2,Day3,choice,0.3671805807597357,1.0
UT15,Day2,Day4,choice,0.3052967921705711,2.0
UT15,Day2,Day5,choice,-0.16174215643643464,3.0
UT15,Day2,Day6,choice,0.21471152481241979,3.0
UT15,Day2,Day7,choice,0.425803877272979,4.0
UT15,Day2,Day8,choice,0.37740204767274504,4.0
UT15,Day2,Day9,choice,0.11013156594709944,5.0
UT15,Day2,Day10,choice,0.07005532818328039,5.0
UT15,Day2,Day11,choice,0.021140069034905087,6.0
UT15,Day2,Day12,choice,-0.12247690262065772,6.0
UT15,Day2,Day13,choice,0.6887627318062858,7.0
UT15,Day2,Day14,choice,0.4970298189549369,7.0
UT15,Day2,Day15,choice,0.42333354381940574,8.0
UT15,Day2,Day16,choice,0.4112683364969152,8.0
UT15,Day3,Day4,choice,0.5372419218789749,1.0
UT15,Day3,Day5,choice,0.3093358077319344,2.0
UT15,Day3,Day6,choice,0.35949767213739536,2.0
UT15,Day3,Day7,choice,0.20560328430959585,3.0
UT15,Day3,Day8,choice,0.2629184161185455,3.0
UT15,Day3,Day9,choice,0.6848552719734907,4.0
UT15,Day3,Day10,choice,0.5518325943096115,4.0
UT15,Day3,Day11,choice,0.5446240611417522,5.0
UT15,Day3,Day12,choice,0.6150398309369647,5.0
UT15,Day3,Day13,choice,0.09966943866032728,6.0
UT15,Day3,Day14,choice,0.3591986848213245,6.0
UT15,Day3,Day15,choice,0.18762399901371385,7.0
UT15,Day3,Day16,choice,0.25186076103849114,7.0
UT15,Day4,Day5,choice,0.12109128592503277,1.0
UT15,Day4,Day6,choice,0.2033378912852884,1.0
UT15,Day4,Day7,choice,0.5573667789259319,2.0
UT15,Day4,Day8,choice,0.6571640478813228,2.0
UT15,Day4,Day9,choice,0.5069038583172175,3.0
UT15,Day4,Day10,choice,0.378634690599378,3.0
UT15,Day4,Day11,choice,0.5093704372334785,4.0
UT15,Day4,Day12,choice,0.5180465453163089,4.0
UT15,Day4,Day13,choice,0.12796654276612146,5.0
UT15,Day4,Day14,choice,0.0989944677354584,5.0
UT15,Day4,Day15,choice,0.3593561065789793,6.0
UT15,Day4,Day16,choice,-0.06735048203082239,6.0
UT15,Day5,Day6,choice,0.2552274424024696,0.0
UT15,Day5,Day7,choice,0.3485333824463107,1.0
UT15,Day5,Day8,choice,0.11664780222522712,1.0
UT15,Day5,Day9,choice,0.27708655965669227,2.0
UT15,Day5,Day10,choice,0.14240126651988166,2.0
UT15,Day5,Day11,choice,0.3025583450999978,3.0
UT15,Day5,Day12,choice,0.6106254325081863,3.0
UT15,Day5,Day13,choice,0.07861294526208734,4.0
UT15,Day5,Day14,choice,0.027729076563588126,4.0
UT15,Day5,Day15,choice,-0.33800446478002477,5.0
UT15,Day5,Day16,choice,-0.14164237935088816,5.0
UT15,Day6,Day7,choice,0.5045605523689946,1.0
UT15,Day6,Day8,choice,0.24820868777602156,1.0
UT15,Day6,Day9,choice,0.5300361625673036,2.0
UT15,Day6,Day10,choice,0.5607534368758477,2.0
UT15,Day6,Day11,choice,,3.0
UT15,Day6,Day12,choice,,3.0
UT15,Day6,Day13,choice,0.3211184349460041,4.0
UT15,Day6,Day14,choice,0.6015100470963113,4.0
UT15,Day6,Day15,choice,0.6888034100244765,5.0
UT15,Day6,Day16,choice,0.6487466293671591,5.0
UT15,Day7,Day8,choice,0.7531927893415042,0.0
UT15,Day7,Day9,choice,0.5561096662748003,1.0
UT15,Day7,Day10,choice,0.5395108402919709,1.0
UT15,Day7,Day11,choice,,2.0
UT15,Day7,Day12,choice,0.5427635367281216,2.0
UT15,Day7,Day13,choice,0.4621878938975962,3.0
UT15,Day7,Day14,choice,0.3684788715574389,3.0
UT15,Day7,Day15,choice,0.6064488286998587,4.0
UT15,Day7,Day16,choice,0.45025234714440804,4.0
UT15,Day8,Day9,choice,0.34910982269462676,1.0
UT15,Day8,Day10,choice,0.23547194176281727,1.0
UT15,Day8,Day11,choice,,2.0
UT15,Day8,Day12,choice,,2.0
UT15,Day8,Day13,choice,,3.0
UT15,Day8,Day14,choice,0.14686951168974027,3.0
UT15,Day8,Day15,choice,0.4140252653621038,4.0
UT15,Day8,Day16,choice,0.39252366818504647,4.0
UT15,Day9,Day10,choice,0.8468072552526499,0.0
UT15,Day9,Day11,choice,0.8694450831924552,1.0
UT15,Day9,Day12,choice,0.7238433361330202,1.0
UT15,Day9,Day13,choice,0.4446134950020776,2.0
UT15,Day9,Day14,choice,0.7107265363506962,2.0
UT15,Day9,Day15,choice,0.6269072755756967,3.0
UT15,Day9,Day16,choice,0.516649992138287,3.0
UT15,Day10,Day11,choice,0.81046136112327,1.0
UT15,Day10,Day12,choice,0.5353805727146507,1.0
UT15,Day10,Day13,choice,0.2608201589340093,2.0
UT15,Day10,Day14,choice,0.6009864013863361,2.0
UT15,Day10,Day15,choice,0.4654431260743293,3.0
UT15,Day10,Day16,choice,0.24935071795763344,3.0
UT15,Day11,Day12,choice,,0.0
UT15,Day11,Day13,choice,,1.0
UT15,Day11,Day14,choice,0.5286238962652595,1.0
UT15,Day11,Day15,choice,0.3661166954804126,2.0
UT15,Day11,Day16,choice,0.3324694833488263,2.0
UT15,Day12,Day13,choice,0.3189501263565072,1.0
UT15,Day12,Day14,choice,,1.0
UT15,Day12,Day15,choice,0.12839889359999557,2.0
UT15,Day12,Day16,choice,0.12674835404223195,2.0
UT15,Day13,Day14,choice,0.6918789870265262,0.0
UT15,Day13,Day15,choice,0.6666939863867584,1.0
UT15,Day13,Day16,choice,0.6301373893092204,1.0
UT15,Day14,Day15,choice,0.668705163128382,1.0
UT15,Day14,Day16,choice,0.7243339296567844,1.0
UT15,Day15,Day16,choice,0.6845706990495491,0.0
UT15,Day2,Day3,corridor,0.39829716996715847,1.0
UT15,Day2,Day4,corridor,0.3672759078181109,2.0
UT15,Day2,Day5,corridor,-0.10376064595672423,3.0
UT15,Day2,Day6,corridor,0.20359817152488863,3.0
UT15,Day2,Day7,corridor,0.45293549834761687,4.0
UT15,Day2,Day8,corridor,0.30620957001017646,4.0
UT15,Day2,Day9,corridor,0.10214496331218079,5.0
UT15,Day2,Day10,corridor,0.07247803592888934,5.0
UT15,Day2,Day11,corridor,0.03311780201389498,6.0
UT15,Day2,Day12,corridor,-0.08665170380484656,6.0
UT15,Day2,Day13,corridor,0.6663456234700696,7.0
UT15,Day2,Day14,corridor,0.547598985950111,7.0
UT15,Day2,Day15,corridor,0.45392965394859724,8.0
UT15,Day2,Day16,corridor,0.40591368012561785,8.0
UT15,Day3,Day4,corridor,0.5033255384903921,1.0
UT15,Day3,Day5,corridor,0.3263524552766654,2.0
UT15,Day3,Day6,corridor,0.3888915003532551,2.0
UT15,Day3,Day7,corridor,0.184021180856116,3.0
UT15,Day3,Day8,corridor,0.25505834290712953,3.0
UT15,Day3,Day9,corridor,0.6609931501281419,4.0
UT15,Day3,Day10,corridor,0.5401322312621354,4.0
UT15,Day3,Day11,corridor,0.4858030654802157,5.0
UT15,Day3,Day12,corridor,0.6654441339749898,5.0
UT15,Day3,Day13,corridor,0.07692298222556083,6.0
UT15,Day3,Day14,corridor,0.33279524854871806,6.0
UT15,Day3,Day15,corridor,0.21198343440396925,7.0
UT15,Day3,Day16,corridor,0.26004915014075336,7.0
UT15,Day4,Day5,corridor,0.10493391286954179,1.0
UT15,Day4,Day6,corridor,0.26781857789776536,1.0
UT15,Day4,Day7,corridor,0.5961964180664467,2.0
UT15,Day4,Day8,corridor,0.6512075424180314,2.0
UT15,Day4,Day9,corridor,0.4555057886695439,3.0
UT15,Day4,Day10,corridor,0.34250714106549257,3.0
UT15,Day4,Day11,corridor,0.3841508391304847,4.0
UT15,Day4,Day12,corridor,0.47750676529806524,4.0
UT15,Day4,Day13,corridor,0.03964601950074303,5.0
UT15,Day4,Day14,corridor,0.11128447326447807,5.0
UT15,Day4,Day15,corridor,0.4839095569914289,6.0
UT15,Day4,Day16,corridor,-0.02907804599920828,6.0
UT15,Day5,Day6,corridor,0.2482675446007061,0.0
UT15,Day5,Day7,corridor,0.3121244296227725,1.0
UT15,Day5,Day8,corridor,0.11715952621756899,1.0
UT15,Day5,Day9,corridor,0.21592446324682021,2.0
UT15,Day5,Day10,corridor,0.12020351882263473,2.0
UT15,Day5,Day11,corridor,0.2572151593441656,3.0
UT15,Day5,Day12,corridor,0.5697481134652815,3.0
UT15,Day5,Day13,corridor,0.007513239137036976,4.0
UT15,Day5,Day14,corridor,0.01741376441239511,4.0
UT15,Day5,Day15,corridor,-0.35496090244710277,5.0
UT15,Day5,Day16,corridor,-0.1769175080517245,5.0
UT15,Day6,Day7,corridor,0.5304250229578658,1.0
UT15,Day6,Day8,corridor,0.3578183156149402,1.0
UT15,Day6,Day9,corridor,0.5613645235623408,2.0
UT15,Day6,Day10,corridor,0.5831331252182085,2.0
UT15,Day6,Day11,corridor,0.4750957432141683,3.0
UT15,Day6,Day12,corridor,0.19214334386062124,3.0
UT15,Day6,Day13,corridor,0.357042502815241,4.0
UT15,Day6,Day14,corridor,0.6724950793774831,4.0
UT15,Day6,Day15,corridor,0.6618680981968567,5.0
UT15,Day6,Day16,corridor,0.651474939168347,5.0
UT15,Day7,Day8,corridor,0.7467657233205102,0.0
UT15,Day7,Day9,corridor,0.5235371745206895,1.0
UT15,Day7,Day10,corridor,0.47564331511617025,1.0
UT15,Day7,Day11,corridor,0.512242905254853,2.0
UT15,Day7,Day12,corridor,0.5069426878266614,2.0
UT15,Day7,Day13,corridor,0.4285184975575441,3.0
UT15,Day7,Day14,corridor,0.39513381631422356,3.0
UT15,Day7,Day15,corridor,0.5781187719210481,4.0
UT15,Day7,Day16,corridor,0.4385589148541914,4.0
UT15,Day8,Day9,corridor,0.4182364855700317,1.0
UT15,Day8,Day10,corridor,0.29336702740506637,1.0
UT15,Day8,Day11,corridor,-0.12349360365024342,2.0
UT15,Day8,Day12,corridor,0.3616999539969646,2.0
UT15,Day8,Day13,corridor,0.3328712504167637,3.0
UT15,Day8,Day14,corridor,0.21366199712674935,3.0
UT15,Day8,Day15,corridor,0.41725430117531354,4.0
UT15,Day8,Day16,corridor,0.41098194109967306,4.0
UT15,Day9,Day10,corridor,0.8516406146953144,0.0
UT15,Day9,Day11,corridor,0.8571952070159449,1.0
UT15,Day9,Day12,corridor,0.7113041787558834,1.0
UT15,Day9,Day13,corridor,0.4190637478850045,2.0
UT15,Day9,Day14,corridor,0.7239661576046241,2.0
UT15,Day9,Day15,corridor,0.6214063434143374,3.0
UT15,Day9,Day16,corridor,0.5034768134963743,3.0
UT15,Day10,Day11,corridor,0.8327586712150091,1.0
UT15,Day10,Day12,corridor,0.5460251355361921,1.0
UT15,Day10,Day13,corridor,0.24683715164490197,2.0
UT15,Day10,Day14,corridor,0.6063803717858985,2.0
UT15,Day10,Day15,corridor,0.4390225805243238,3.0
UT15,Day10,Day16,corridor,0.2297054036032615,3.0
UT15,Day11,Day12,corridor,0.7352760651886172,0.0
UT15,Day11,Day13,corridor,0.31592015944793184,1.0
UT15,Day11,Day14,corridor,0.5272099961446871,1.0
UT15,Day11,Day15,corridor,0.37920495343377064,2.0
UT15,Day11,Day16,corridor,0.2930981082997278,2.0
UT15,Day12,Day13,corridor,0.2566929654532335,1.0
UT15,Day12,Day14,corridor,0.2670886389679505,1.0
UT15,Day12,Day15,corridor,0.14157426988542496,2.0
UT15,Day12,Day16,corridor,0.12559908511494022,2.0
UT15,Day13,Day14,corridor,0.7310595843903489,0.0
UT15,Day13,Day15,corridor,0.6892557408255069,1.0
UT15,Day13,Day16,corridor,0.6854378330018431,1.0
UT15,Day14,Day15,corridor,0.7031947354079393,1.0
UT15,Day14,Day16,corridor,0.7239768721551131,1.0
UT15,Day15,Day16,corridor,0.6563221008634617,0.0
